STUID,GENDER,ETHNICITYID,DISTRICTID,FEEDERID,PROGRAMSTATUSID,PROGRAMSTART,PROGRAMEND,GRADDATE
1,F,8,393,107,1,9/26/2000,,
4,F,8,75,107,2,8/20/2001,5/27/2004,6/13/2004
89,M,8,75,164,3,1/17/2005,,
113,M,8,393,164,3,8/20/2001,,
551,M,13,393,164,4,8/20/2008,,
639,M,8,75,104,3,8/12/2013,,
653,M,8,75,164,3,8/1/2001,1/15/2002,
749,M,9,393,164,3,8/13/2007,,
1217,F,13,393,148,2,1/18/2001,5/27/2004,6/13/2004
1303,M,10,38,164,2,8/19/2002,5/19/2006,6/11/2006
1353,M,9,393,104,1,8/20/2001,,
1652,M,8,393,116,3,8/20/2001,,
2030,F,15,393,143,1,1/19/2002,,
2077,M,8,75,93,3,8/20/2001,,
2158,M,10,393,155,2,3/25/2011,5/16/2016,6/11/2016
2515,M,13,25,152,4,8/13/2007,,
2694,M,8,393,143,3,1/1/2020,,
2788,M,8,393,164,3,5/27/2011,,
2792,M,8,393,164,2,1/16/2006,5/19/2006,6/9/2007
3136,M,8,75,152,3,8/19/2013,,
3301,M,13,75,165,3,8/20/2001,,
3573,M,12,393,104,1,8/19/2002,,
3593,F,13,394,152,1,8/6/2002,,
3641,M,8,38,164,2,1/13/2003,5/30/2005,6/18/2005
3845,F,13,393,134,2,8/6/2002,12/11/2004,12/11/2004
3864,M,8,75,165,1,7/30/2004,,
3874,M,8,75,164,4,8/17/2009,,
3880,F,8,186,152,1,8/6/2002,,
4258,M,8,75,152,2,8/14/2006,5/24/2011,1/28/2012
4369,M,8,38,164,1,5/18/2010,,
4395,M,11,393,164,1,8/15/2005,,
4396,F,10,186,164,4,8/18/2008,,
4407,M,15,75,165,2,8/16/2002,5/30/2005,6/18/2005
4446,F,15,393,164,2,8/16/2004,5/19/2006,6/11/2006
4484,M,13,393,164,2,8/18/2003,5/30/2005,6/18/2005
4508,F,10,186,165,1,1/13/2003,,
4518,M,8,393,164,2,8/18/2003,5/30/2005,6/18/2005
4538,M,14,75,128,2,1/13/2003,5/19/2006,6/11/2006
4566,M,13,393,117,2,1/13/2003,5/19/2006,6/11/2006
4584,M,8,75,164,3,8/18/2008,,
4602,M,12,393,104,2,8/18/2003,5/19/2008,6/14/2008
4639,M,13,393,104,2,8/18/2003,5/19/2008,6/14/2008
4672,F,13,75,142,2,8/18/2003,5/19/2006,6/11/2006
4699,M,8,393,93,1,8/18/2003,,
4706,M,8,393,164,5,1/1/2021,,
4716,M,13,393,164,2,8/16/2004,5/18/2007,6/9/2007
4751,M,13,75,120,1,8/18/2003,,
4758,M,10,393,126,2,8/18/2003,5/19/2008,6/14/2008
4788,M,8,75,152,3,8/13/2007,,
4798,F,9,75,107,3,8/18/2003,,
4818,M,8,75,120,3,8/18/2003,,
4829,M,13,75,166,3,8/18/2003,,
4859,F,8,75,152,1,8/13/2007,,
4869,M,13,394,121,3,8/18/2003,,
4880,M,8,38,126,2,8/18/2003,5/19/2006,6/11/2006
4920,F,10,75,164,4,8/18/2008,,
4929,M,11,393,158,3,1/14/2008,,
4934,M,10,394,98,2,8/18/2003,5/19/2008,7/18/2008
4963,F,14,38,155,2,8/18/2003,5/30/2005,6/18/2005
4987,M,8,393,104,2,8/18/2003,5/19/2006,6/9/2007
5016,M,8,75,152,3,8/18/2003,,
5031,M,10,75,166,3,12/15/2005,,
5055,M,12,186,164,1,1/17/2011,,
5091,M,13,393,142,2,8/18/2003,5/30/2005,6/18/2005
5116,M,8,393,164,3,8/13/2007,,
5125,M,13,393,132,3,8/18/2003,,
5142,F,8,393,104,1,1/17/2005,,
5148,M,12,393,152,2,8/18/2003,12/7/2006,12/7/2006
5165,M,13,25,135,1,8/18/2003,,
5167,M,13,393,164,3,8/16/2004,,
5181,F,13,393,142,3,8/18/2003,,
5207,M,13,393,119,2,8/18/2003,5/19/2006,6/11/2006
5237,F,8,38,155,2,8/18/2003,5/30/2005,12/14/2007
5261,M,14,393,165,3,8/18/2003,,
5265,F,8,393,104,3,8/18/2003,,
5287,M,14,393,164,2,8/18/2003,12/7/2006,12/7/2006
5320,F,14,393,164,2,8/17/2009,5/24/2011,6/18/2011
5337,F,13,393,104,1,8/18/2003,,
5359,M,14,25,152,1,8/15/2005,,
5385,F,8,393,164,3,8/14/2006,,
5388,M,8,393,169,3,1/20/2014,,
5394,M,8,75,148,1,1/17/2005,,
5400,F,8,393,164,3,6/29/2005,,
5455,M,13,75,165,3,7/30/2004,,
5464,M,10,75,93,5,8/1/2019,,
5483,M,8,75,120,3,5/27/2012,,
5501,M,15,75,148,2,8/15/2005,5/18/2007,6/9/2007
5523,M,8,75,165,3,7/30/2004,,
5529,M,13,25,165,3,8/16/2004,,
5546,F,8,25,165,3,8/16/2004,,
5555,M,13,25,165,3,7/30/2004,,
5570,M,8,75,148,4,8/18/2008,,
5576,F,12,186,127,1,8/16/2004,,
5595,F,12,186,165,3,7/30/2004,,
5606,M,10,75,165,3,7/30/2004,,
5616,M,15,75,123,2,8/16/2004,5/19/2006,6/11/2006
5642,M,13,25,164,1,8/15/2005,,
5661,M,15,393,123,2,8/16/2004,5/19/2006,6/11/2006
5686,M,8,393,165,3,7/30/2004,,
5696,F,13,393,101,1,8/16/2004,,
5702,M,8,393,104,3,8/18/2008,,
5713,M,16,393,165,4,8/16/2004,,
5735,M,13,393,165,4,7/30/2004,,
5763,M,13,393,119,2,8/16/2004,5/26/2009,6/20/2009
5800,M,8,75,93,3,8/16/2004,,
5819,M,14,25,165,1,8/16/2004,,
5826,F,8,38,165,1,8/16/2004,,
5833,F,8,38,165,3,7/30/2004,,
5845,M,8,393,104,2,8/16/2004,5/18/2007,6/9/2007
5874,M,13,393,165,2,8/16/2004,5/19/2006,6/11/2006
5900,M,10,393,164,2,8/15/2005,5/19/2008,6/14/2008
5923,M,13,393,104,2,8/16/2004,5/19/2006,6/11/2006
5948,M,14,394,116,2,8/16/2004,5/19/2006,6/11/2006
5973,M,14,393,165,3,1/5/2005,,
5976,M,13,75,165,3,7/30/2004,,
5987,M,13,393,165,3,7/30/2004,,
6013,M,8,38,165,3,7/30/2004,,
6018,M,9,38,148,3,8/16/2004,,
6069,M,13,393,164,1,1/17/2005,,
6081,F,13,393,164,2,1/26/2004,5/19/2006,6/11/2006
6096,F,13,393,164,2,1/17/2005,5/19/2006,6/11/2006
6111,M,8,75,152,2,8/16/2004,5/19/2006,6/11/2006
6128,M,15,75,123,2,8/16/2004,5/19/2006,6/11/2006
6153,M,10,75,148,2,1/17/2005,7/24/2009,7/24/2009
6191,M,15,75,165,3,1/5/2005,,
6195,M,9,75,107,1,1/17/2005,,
6229,F,8,75,142,3,1/6/2005,,
6243,M,8,393,152,3,1/6/2005,,
6260,M,13,25,135,1,1/26/2005,,
6287,F,14,75,165,3,1/17/2005,,
6300,F,8,393,104,1,1/6/2005,,
6309,M,10,75,165,3,1/6/2005,,
6316,F,8,393,105,1,1/17/2005,,
6321,M,7,393,104,1,1/5/2005,,
6332,M,13,393,133,2,1/17/2005,7/24/2009,7/24/2009
6366,F,13,393,164,1,8/15/2005,,
6373,M,12,75,158,3,8/18/2008,,
6404,M,13,25,138,3,8/15/2005,,
6423,M,8,75,120,2,8/15/2005,5/26/2009,6/20/2009
6461,F,8,75,93,1,6/2/2005,,
6467,M,8,75,120,2,8/15/2005,5/22/2012,6/16/2012
6498,M,13,393,111,4,8/12/2013,,
6524,F,8,25,134,4,8/15/2005,,
6554,F,8,75,176,1,8/15/2016,,
6591,M,13,25,164,1,8/14/2006,,
6599,F,13,38,156,4,8/13/2007,,
6611,F,13,7777,164,3,8/20/2008,,
6623,M,8,393,142,2,8/15/2005,5/22/2012,6/16/2012
6666,M,10,38,155,3,6/2/2005,,
6672,M,13,393,164,3,8/19/2013,,
6674,M,8,75,111,4,8/15/2005,,
6713,M,8,75,166,1,8/15/2005,,
6720,M,14,393,101,4,8/15/2005,,
6743,M,10,38,164,3,1/14/2008,,
6756,M,8,393,104,1,8/15/2005,,
6762,M,15,393,104,2,8/15/2005,5/16/2008,6/14/2008
6793,M,15,393,164,2,1/16/2006,5/19/2008,6/14/2008
6816,M,9,393,104,3,6/2/2005,,
6848,M,13,393,91,3,8/18/2014,,
6853,F,13,393,142,3,6/2/2005,,
6880,M,12,393,101,3,6/2/2005,,
6887,F,10,38,126,4,8/15/2005,,
6896,M,8,75,104,1,5/31/2005,,
6904,M,14,393,101,4,8/15/2005,,
6934,M,8,75,164,2,8/20/2008,5/25/2010,6/19/2010
6960,M,12,393,98,2,8/15/2016,12/12/2016,2/11/2017
7018,F,9,186,152,1,6/2/2005,,
7020,M,7,393,101,3,6/2/2005,,
7026,M,8,186,164,1,1/16/2006,,
7065,M,15,75,120,1,8/15/2005,,
7079,M,10,75,125,3,8/15/2005,,
7090,M,8,75,104,3,6/2/2005,,
7096,M,13,25,108,4,8/15/2005,,
7126,M,8,75,93,1,6/2/2005,,
7135,M,13,393,104,3,7/4/2006,,
7186,F,13,75,132,2,8/15/2005,12/14/2007,6/14/2008
7217,F,13,25,134,1,8/15/2005,,
7226,F,13,393,142,2,8/15/2005,7/21/2007,6/14/2008
7253,M,8,393,104,3,6/2/2005,,
7258,M,13,393,164,3,8/14/2006,,
7293,M,13,393,132,3,8/15/2005,,
7335,F,12,186,127,1,6/2/2005,,
7340,M,13,394,164,2,8/12/2013,7/25/2014,2/7/2015
7407,M,13,186,127,4,6/9/2005,,
7424,M,12,186,158,3,6/10/2005,,
7430,M,8,75,164,3,1/16/2006,,
7439,F,11,38,126,1,8/15/2005,,
7448,M,8,75,107,1,6/30/2005,,
7452,F,8,75,120,3,7/4/2005,,
7457,M,12,186,158,3,8/1/2018,,
7467,M,13,393,143,4,1/20/2013,,
7477,M,15,25,128,3,11/7/2005,,
7492,M,13,393,108,1,1/16/2006,,
7505,M,8,75,93,1,8/14/2006,,
7512,M,8,75,125,3,5/9/2006,,
7535,M,8,393,98,2,8/14/2006,5/26/2009,6/20/2009
7575,M,13,75,129,3,5/31/2006,,
7581,M,8,38,155,3,8/14/2006,,
7631,M,8,38,126,4,8/14/2006,,
7662,M,14,393,164,2,1/15/2007,5/19/2008,6/14/2008
7687,M,14,25,164,3,8/13/2007,,
7707,M,8,393,164,3,8/15/2016,,
7710,M,13,393,132,1,8/14/2006,,
7746,F,13,393,104,3,2/10/2006,,
7755,F,13,393,142,4,2/10/2006,,
7770,M,14,393,104,2,8/14/2006,5/25/2010,6/19/2010
7800,M,13,75,129,2,8/14/2006,12/12/2011,1/28/2012
7842,M,13,393,142,4,4/24/2006,,
7869,M,8,38,155,2,1/24/2006,5/25/2010,6/19/2010
7902,F,8,393,104,1,8/14/2006,,
7914,M,8,75,120,2,8/14/2006,5/24/2011,6/18/2011
7950,F,8,75,125,3,8/14/2006,,
7962,M,13,393,104,3,12/11/2006,,
7973,F,8,393,104,1,1/27/2006,,
8005,M,13,393,104,3,1/27/2006,,
8013,F,15,394,117,1,4/28/2006,,
8016,M,13,75,107,3,4/28/2006,,
8026,M,8,75,136,2,8/14/2006,5/25/2010,6/19/2010
8062,F,8,75,140,4,8/13/2007,,
8067,F,13,25,156,3,2/25/2006,,
8073,M,8,38,155,2,8/14/2006,5/25/2010,7/23/2010
8109,F,8,38,155,2,8/15/2006,5/19/2014,6/14/2014
8147,M,13,393,132,1,8/14/2006,,
8153,M,13,75,125,3,5/30/2006,,
8171,M,9,393,91,3,8/17/2009,,
8182,F,8,75,152,4,5/31/2012,,
8205,F,8,393,142,3,8/14/2006,,
8221,M,13,394,164,1,8/18/2008,,
8234,M,13,393,142,3,6/13/2006,,
8241,F,13,393,165,3,2/11/2006,,
8247,M,13,25,138,2,8/14/2006,12/14/2009,1/29/2011
8271,M,8,75,125,3,8/14/2006,,
8286,F,8,75,125,1,5/30/2006,,
8294,M,8,75,148,3,8/14/2006,,
8300,F,13,393,143,3,5/18/2010,,
8307,F,13,25,152,2,8/14/2006,5/19/2008,6/14/2008
8326,F,13,393,123,3,5/31/2006,,
8339,M,10,393,155,2,8/14/2006,5/26/2009,6/20/2009
8375,F,13,394,116,3,8/14/2006,,
8397,F,8,393,132,3,5/29/2006,,
8404,M,8,75,164,3,8/18/2008,,
8420,M,13,393,142,3,7/6/2006,,
8428,M,9,186,158,1,8/13/2007,,
8440,F,13,38,94,3,1/15/2007,,
8473,M,13,393,132,3,7/6/2006,,
8492,M,13,393,104,2,1/15/2007,5/26/2009,6/20/2009
8521,M,13,393,98,3,8/14/2006,,
8554,M,8,393,125,3,8/14/2006,,
8593,M,12,75,164,3,8/19/2013,,
8602,F,13,393,119,1,8/14/2006,,
8620,M,8,75,143,3,8/14/2006,,
8640,M,8,75,104,1,12/11/2006,,
8675,M,13,393,104,2,8/13/2007,5/13/2012,2/7/2015
8704,M,8,75,125,3,12/11/2006,,
8721,M,13,393,104,2,1/15/2007,12/14/2009,1/16/2010
8751,M,13,25,138,3,12/11/2006,,
8780,F,8,393,104,3,12/11/2006,,
8789,M,14,75,111,3,12/11/2006,,
8792,M,12,186,158,3,12/11/2006,,
8804,M,8,38,155,2,8/13/2007,5/24/2011,6/18/2011
8834,M,15,393,123,2,8/13/2007,5/26/2009,6/20/2009
8858,M,13,393,104,2,8/13/2007,5/26/2009,6/20/2009
8884,M,8,75,120,2,8/13/2007,5/24/2011,6/15/2013
8921,M,8,75,129,4,8/13/2007,,
8942,M,13,393,132,2,1/14/2008,5/24/2011,6/18/2011
8989,M,8,393,139,3,8/18/2008,,
9015,M,8,393,104,3,8/13/2007,,
9021,M,13,25,134,2,8/13/2007,5/25/2010,6/19/2010
9047,M,13,75,155,2,8/13/2007,12/12/2011,1/28/2011
9076,M,14,393,165,3,8/13/2007,,
9093,M,8,75,165,1,8/13/2007,,
9123,M,13,393,164,4,1/20/2013,,
9126,M,13,75,101,3,8/18/2008,,
9140,F,8,75,149,4,8/13/2007,,
9152,M,13,393,142,3,8/13/2007,,
9181,M,8,75,166,3,8/13/2007,,
9202,F,14,393,165,2,8/13/2007,5/25/2009,6/20/2009
9230,M,8,393,104,1,8/13/2007,,
9237,M,13,393,104,4,8/13/2007,,
9244,M,13,393,104,4,8/13/2007,,
9289,M,10,393,101,4,8/13/2007,,
9299,M,12,393,104,3,8/13/2007,,
9318,F,13,393,142,1,8/13/2007,,
9331,M,8,393,104,1,8/13/2007,,
9355,M,8,75,158,1,8/13/2007,,
9367,M,10,38,91,2,8/20/2008,7/20/2012,7/20/2012
9396,F,13,38,126,4,8/13/2007,,
9406,F,8,393,104,4,8/13/2007,,
9431,F,12,186,158,4,1/19/2009,,
9433,M,13,75,91,3,8/18/2008,,
9458,M,8,75,126,1,8/13/2007,,
9464,F,13,393,104,4,8/13/2007,,
9490,M,12,393,104,1,8/13/2007,,
9504,M,8,393,104,3,8/13/2007,,
9510,M,13,75,152,2,1/16/2012,5/19/2014,6/14/2014
9532,M,13,75,148,3,8/13/2007,,
9548,M,13,393,139,3,8/13/2007,,
9567,M,8,393,7777,3,1/19/2009,,
9590,M,13,393,132,3,1/14/2008,,
9613,M,13,393,139,2,1/14/2008,12/20/2010,1/29/2011
9649,M,8,393,101,4,8/20/2008,,
9683,M,13,75,132,2,1/14/2008,5/22/2012,6/16/2012
9719,M,13,393,164,2,8/20/2008,5/22/2012,6/16/2012
9751,M,8,75,96,3,8/12/2013,,
9760,M,13,393,143,3,1/14/2008,,
9764,M,8,393,139,1,1/14/2008,,
9772,M,8,75,152,1,1/14/2008,,
9779,F,12,186,127,4,1/14/2008,,
9791,F,12,393,127,2,1/14/2008,5/18/2015,6/11/2016
9822,F,12,186,127,4,8/18/2008,,
9828,M,8,393,104,3,1/14/2008,,
9834,M,15,75,164,3,8/13/2012,,
9838,M,13,393,99,1,5/17/2010,,
9851,M,8,393,109,2,1/18/2010,5/19/2014,6/14/2014
9876,F,8,393,119,3,8/18/2008,,
9888,M,12,38,126,2,8/20/2008,5/25/2010,6/19/2010
9916,M,8,38,164,1,8/18/2014,,
9939,M,8,393,100,3,8/18/2008,,
9942,M,8,75,166,3,8/18/2008,,
9965,F,8,75,93,3,8/18/2008,,
9970,M,13,393,142,2,8/20/2008,12/12/2011,1/28/2012
10001,M,8,75,120,3,8/18/2008,,
10004,M,10,38,155,4,8/18/2008,,
10013,M,8,393,165,4,6/16/2008,,
10018,M,8,393,158,1,8/20/2008,,
10034,M,13,393,104,4,8/18/2008,,
10074,M,10,38,118,3,8/8/2008,,
10086,M,8,75,166,2,8/20/2008,12/20/2010,1/29/2011
10114,M,10,38,118,3,8/18/2008,,
10145,F,8,75,125,1,8/18/2008,,
10156,M,13,393,164,4,1/16/2012,,
10173,F,8,75,136,4,8/20/2008,,
10182,M,12,393,132,2,8/20/2008,5/25/2010,6/19/2010
10208,M,13,25,138,2,8/20/2008,5/25/2010,6/19/2010
10239,M,12,393,104,2,8/20/2008,5/25/2010,6/19/2010
10266,M,8,75,166,3,8/18/2008,,
10275,M,7,393,123,3,8/18/2008,,
10293,M,8,75,108,3,8/18/2008,,
10306,M,8,393,104,1,8/20/2008,,
10321,M,13,393,132,2,8/20/2008,5/25/2010,6/19/2010
10347,M,8,38,155,3,8/18/2008,,
10375,M,8,393,139,4,8/18/2008,,
10382,F,15,75,125,2,8/20/2008,5/24/2011,6/18/2011
10415,M,13,393,164,5,8/1/2019,,
10427,F,13,393,139,4,8/18/2008,,
10437,M,13,393,142,3,8/17/2015,,
10446,M,8,393,104,2,8/20/2008,1/29/2011,12/20/2010
10471,M,8,393,7777,3,1/19/2009,,
10500,M,13,75,121,3,8/18/2008,,
10506,F,9,75,152,1,8/13/2012,,
10533,F,8,75,148,3,8/18/2008,,
10542,M,13,393,7777,3,1/19/2009,,
10565,M,8,393,164,3,1/20/2013,,
10568,M,8,393,104,5,8/1/2018,,
10591,M,8,393,164,3,1/18/2010,,
10601,M,13,393,164,3,8/19/2013,,
10609,F,8,393,164,3,8/12/2013,,
10614,M,14,393,164,2,8/20/2008,12/20/2010,1/29/2011
10627,M,13,393,138,3,8/18/2008,,
10646,M,15,75,123,3,8/20/2008,,
10653,M,13,393,123,3,8/18/2008,,
10669,M,8,393,132,1,8/20/2008,,
10677,M,9,186,7777,3,1/19/2009,,
10697,F,10,393,104,3,8/18/2008,,
10715,M,10,38,118,1,8/18/2008,,
10720,M,8,393,104,1,8/18/2008,,
10731,M,13,38,155,3,8/18/2008,,
10734,M,8,393,7777,3,1/19/2009,,
10762,M,8,75,125,3,8/18/2008,,
10773,F,8,75,120,4,8/20/2008,,
10785,M,13,25,164,3,8/15/2016,,
10788,M,8,75,164,3,1/17/2011,,
10793,F,13,393,151,4,8/17/2009,,
10801,M,13,38,155,1,5/15/2009,,
10807,M,14,393,104,2,8/17/2009,5/24/2011,6/18/2011
10832,M,13,75,7777,4,8/4/2009,,
10840,M,13,75,132,3,8/17/2009,,
10859,M,8,75,120,3,8/3/2012,,
10863,F,13,393,104,4,8/17/2009,,
10870,M,13,75,166,2,8/17/2009,5/22/2012,6/15/2013
10889,M,13,394,121,1,8/17/2009,,
10901,M,13,393,142,1,8/17/2009,,
10914,M,8,75,111,3,8/17/2009,,
10925,F,13,75,146,3,8/17/2009,,
10955,M,8,25,120,3,8/17/2009,,
10958,F,13,393,104,1,8/17/2009,,
10971,M,8,186,158,4,8/17/2009,,
10977,M,13,393,142,1,8/17/2009,,
10983,F,8,393,149,1,8/17/2009,,
11004,F,8,393,139,2,8/17/2009,5/24/2011,6/18/2011
11029,F,14,393,98,2,8/17/2009,5/24/2011,6/18/2011
11054,M,9,393,165,4,8/17/2009,,
11082,M,13,394,121,3,8/17/2009,,
11096,M,13,393,142,1,8/17/2009,,
11107,M,13,25,138,2,8/17/2009,12/12/2011,1/28/2012
11132,F,13,25,138,4,8/17/2009,,
11138,M,14,393,104,2,8/17/2009,12/12/2011,1/28/2012
11164,M,13,393,104,4,8/17/2009,,
11169,M,13,38,126,3,8/17/2009,,
11191,F,8,393,170,1,8/17/2009,,
11198,F,13,25,134,2,8/17/2009,5/24/2011,6/18/2011
11224,M,14,393,166,2,8/17/2009,5/24/2011,6/18/2011
11250,M,13,75,125,3,8/17/2009,,
11277,F,9,75,152,2,8/13/2012,12/7/2015,2/6/2016
11301,M,9,75,152,5,8/1/2020,,
11319,M,15,393,123,3,8/15/2011,,
11344,M,8,75,91,1,5/17/2010,,
11353,M,13,393,104,3,5/30/2011,,
11356,M,8,75,120,1,8/17/2009,,
11371,M,9,75,120,1,8/17/2009,,
11378,M,10,393,139,1,8/17/2009,,
11404,M,8,393,91,3,8/17/2009,,
11423,M,14,393,155,2,8/17/2009,5/22/2012,6/16/2012
11449,F,13,75,7777,3,8/17/2009,,
11462,M,8,393,7777,4,8/7/2009,,
11468,M,8,393,164,1,1/20/2014,,
11471,M,12,38,164,3,8/16/2010,,
11506,M,8,186,158,1,1/17/2010,,
11517,M,12,186,158,3,1/19/2010,,
11521,M,13,393,142,2,8/17/2015,12/10/2018,6/15/2019
11551,M,12,393,100,3,12/8/2009,,
11564,M,9,393,142,3,12/8/2009,,
11580,M,10,38,119,2,1/18/2010,12/12/2019,10/24/2020
11618,M,8,393,139,2,8/18/2014,12/4/2017,6/16/2018
11654,M,12,75,104,1,8/16/2010,,
11688,F,12,393,158,3,8/17/2015,,
11692,M,8,75,93,3,5/13/2010,,
11702,M,16,75,120,1,5/13/2010,,
11725,M,7,393,98,1,8/16/2010,,
11743,M,16,393,104,3,5/13/2010,,
11750,M,7,393,116,3,5/13/2010,,
11753,M,10,38,155,2,5/14/2010,12/10/2012,1/25/2014
11782,M,11,393,139,3,5/14/2010,,
11822,M,13,38,126,1,8/16/2010,,
11828,M,13,393,139,2,8/16/2010,7/19/2013,1/25/2014
11854,F,10,393,104,3,5/14/2010,,
11886,F,13,393,104,1,8/16/2010,,
11891,M,13,393,133,3,5/14/2010,,
11900,M,13,75,152,3,5/14/2010,,
11908,M,13,393,132,3,5/14/2010,,
11930,M,13,393,132,1,1/17/2011,,
11964,M,13,75,142,2,8/16/2010,5/22/2012,6/16/2012
11989,F,13,393,142,1,8/16/2010,,
11995,M,16,75,109,3,5/17/2010,,
12009,F,13,75,140,3,5/17/2010,,
12021,M,13,393,132,3,8/16/2010,,
12041,M,12,186,158,3,5/17/2010,,
12064,M,8,393,139,3,5/17/2010,,
12069,F,13,393,150,2,8/16/2010,5/19/2014,6/14/2014
12112,M,13,25,145,3,5/17/2010,,
12118,F,8,75,166,3,8/16/2010,,
12132,F,12,393,100,1,5/17/2010,,
12173,M,8,393,139,2,8/16/2010,12/10/2012,6/15/2013
12198,M,13,25,138,1,8/16/2010,,
12207,M,13,393,101,3,5/17/2010,,
12227,M,13,25,138,3,5/17/2010,,
12262,M,16,38,156,3,5/17/2010,,
12276,M,13,393,143,1,8/16/2010,,
12281,M,8,393,164,3,8/15/2011,,
12297,M,13,75,126,3,6/4/2010,,
12322,M,13,75,152,1,8/16/2010,,
12333,M,13,393,104,3,6/4/2010,,
12350,M,13,393,104,3,6/4/2010,,
12354,M,15,393,142,3,6/4/2010,,
12358,M,8,75,152,3,8/18/2014,,
12370,M,8,393,104,3,8/1/2020,,
12375,M,8,393,123,3,8/14/2017,,
12398,F,12,25,91,1,1/20/2014,,
12404,M,8,393,91,3,6/28/2011,,
12412,M,13,393,139,3,5/27/2011,,
12422,F,10,393,164,2,1/16/2012,5/22/2012,6/16/2012
12429,F,13,393,164,3,8/15/2011,,
12432,F,13,393,142,2,8/15/2011,5/13/2013,6/15/2013
12455,M,8,75,143,3,7/13/2010,,
12461,M,8,75,93,3,7/15/2010,,
12466,M,10,75,116,2,8/16/2010,12/12/2011,1/28/2012
12478,M,13,393,104,1,3/25/2011,,
12487,M,13,75,158,3,3/25/2011,,
12503,M,12,75,127,3,3/25/2011,,
12519,M,8,393,104,3,3/25/2011,,
12520,M,13,393,142,1,3/25/2011,,
12554,M,10,75,156,3,3/25/2011,,
12575,M,8,393,104,3,3/25/2011,,
12585,F,12,393,104,1,8/15/2011,,
12591,M,13,393,104,3,3/25/2011,,
12594,F,13,75,149,1,8/15/2011,,
12604,F,9,75,164,4,8/13/2012,,
12617,M,8,393,104,2,8/15/2011,12/4/2017,6/16/2018
12656,M,13,393,164,2,8/15/2016,5/16/2016,2/11/2017
12706,M,13,75,142,2,1/16/2012,12/7/2015,6/11/2016
12729,M,15,393,164,2,8/13/2012,5/19/2014,6/14/2014
12753,M,8,393,164,3,8/13/2012,,
12793,M,8,75,91,1,8/19/2013,,
12797,M,8,393,104,5,8/1/2019,,
12829,M,8,75,91,1,8/9/2012,,
12847,M,8,75,164,2,8/19/2013,5/18/2015,2/6/2016
12859,M,13,25,135,4,5/27/2011,,
12868,M,8,75,96,3,5/27/2011,,
12872,M,8,75,156,2,8/15/2011,5/13/2013,6/15/2013
12896,M,8,393,139,3,5/27/2011,,
12909,M,13,393,104,3,8/15/2011,,
12930,M,13,393,142,1,5/27/2011,,
12948,M,13,393,139,3,5/27/2011,,
12953,M,8,75,142,3,5/27/2011,,
12958,M,8,393,139,1,5/27/2011,,
12980,M,8,75,120,3,8/16/2011,,
12997,M,12,75,100,3,5/27/2011,,
13000,M,12,75,126,2,8/18/2014,12/12/2016,6/16/2018
13028,M,8,75,166,1,5/27/2011,,
13065,M,10,75,7777,1,8/15/2011,,
13072,F,13,393,149,3,5/27/2011,,
13083,M,13,75,104,3,5/27/2011,,
13102,M,8,75,148,3,5/27/2011,,
13110,M,13,393,101,3,5/27/2011,,
13113,M,14,75,142,3,5/27/2011,,
13140,M,13,75,142,2,8/15/2011,6/13/2013,6/15/2013
13165,F,8,75,142,1,5/27/2011,,
13181,F,8,75,166,2,8/15/2011,5/13/2013,6/15/2013
13206,M,13,75,164,2,1/16/2012,5/19/2014,2/7/2015
13231,M,8,393,139,3,5/30/2011,,
13237,M,8,393,104,4,5/30/2011,,
13259,F,13,75,146,3,8/15/2011,,
13284,M,13,393,139,3,8/15/2011,,
13298,F,8,75,166,3,5/30/2011,,
13302,M,13,393,142,2,5/30/2011,5/14/2018,6/16/2018
13334,M,13,75,142,2,5/30/2011,5/19/2014,6/14/2014
13369,M,10,75,148,1,5/30/2011,,
13380,M,12,393,142,3,5/30/2011,,
13388,M,8,393,91,3,8/17/2015,,
13392,M,13,394,7777,1,1/18/2012,,
13410,M,10,75,158,2,8/15/2011,5/18/2015,6/13/2015
13440,M,8,75,164,3,1/16/2012,,
13444,M,13,75,146,3,8/15/2011,,
13461,M,15,393,157,3,12/1/2015,,
13466,F,9,75,166,3,5/30/2012,,
13471,M,13,75,148,1,5/30/2011,,
13475,F,13,75,164,3,8/19/2013,,
13520,F,8,75,7777,1,1/14/2013,,
13547,M,13,393,104,2,1/14/2013,5/15/2017,6/24/2017
13569,M,10,393,91,1,8/18/2014,,
13572,M,13,393,142,3,6/1/2012,,
13578,M,8,393,136,2,8/13/2012,5/16/2016,2/11/2017
13612,M,13,393,142,1,6/1/2012,,
13627,M,13,393,132,3,5/27/2012,,
13642,M,8,393,164,5,8/19/2013,,
13685,M,10,38,155,2,8/16/2012,5/18/2015,6/13/2015
13712,M,8,75,91,3,8/19/2013,,
13718,M,8,393,104,3,8/17/2012,,
13721,M,13,75,147,3,5/27/2012,,
13727,F,13,393,139,3,5/29/2012,,
13757,M,13,75,152,4,5/29/2012,,
13769,M,13,393,132,1,5/29/2012,,
13778,F,13,75,149,3,8/13/2012,,
13804,M,13,393,132,3,5/29/2012,,
13813,M,8,75,120,1,8/16/2012,,
13822,M,13,393,143,3,5/29/2012,,
13826,M,13,393,104,2,8/13/2012,5/18/2015,6/13/2015
13853,F,13,393,139,3,5/29/2012,,
13868,M,13,25,138,2,5/29/2012,5/16/2016,6/11/2016
13898,M,14,393,143,2,8/13/2012,5/19/2014,6/14/2014
13923,M,8,394,116,2,8/13/2012,5/16/2016,6/11/2016
13961,F,13,38,179,1,5/29/2012,,
13973,M,13,393,142,2,5/29/2012,5/16/2016,6/16/2018
14001,M,13,393,104,2,8/13/2012,12/4/2017,6/16/2018
14043,M,10,38,155,3,5/30/2012,,
14069,M,10,38,156,3,8/17/2015,,
14085,M,10,393,139,2,8/13/2012,5/16/2016,6/11/2016
14117,M,8,393,164,3,1/14/2013,,
14120,F,13,25,137,1,5/31/2012,,
14123,F,13,393,174,3,5/31/2012,,
14129,F,8,75,166,2,8/13/2012,7/25/2014,2/7/2015
14154,M,12,393,142,1,5/31/2012,,
14159,M,13,393,132,3,5/31/2012,,
14185,M,13,25,138,2,8/13/2012,5/18/2015,6/13/2015
14213,M,8,393,155,2,8/13/2012,12/9/2020,10/23/2021
14244,M,14,393,142,4,5/31/2012,,
14263,M,13,393,142,1,5/31/2012,,
14267,M,13,393,101,3,5/31/2012,,
14279,M,13,393,143,2,5/31/2012,12/7/2015,6/11/2016
14310,M,13,393,143,1,5/31/2012,,
14327,M,12,75,104,2,8/12/2013,5/16/2016,6/11/2016
14355,M,8,75,164,3,8/19/2013,,
14359,M,9,75,111,3,1/20/2013,,
14364,M,8,75,91,2,8/18/2014,12/12/2016,2/11/2017
14392,M,8,75,152,3,8/19/2013,,
14394,M,8,75,120,3,8/13/2012,,
14404,F,10,38,179,1,8/12/2013,,
14409,M,13,75,164,3,8/18/2014,,
14422,M,12,38,164,4,8/19/2013,,
14434,M,8,393,152,2,8/12/2013,5/16/2016,2/11/2017
14457,M,8,75,142,1,8/12/2013,,
14465,F,8,75,104,1,8/12/2013,,
14470,F,8,75,98,1,8/19/2013,,
14476,M,12,393,142,2,8/18/2014,7/28/2017,6/16/2018
14506,F,8,75,120,2,8/15/2013,5/20/2022,10/15/2022
14551,M,13,393,142,3,8/12/2013,,
14559,M,14,75,152,4,8/12/2013,,
14581,F,8,75,152,4,8/12/2013,,
14589,F,8,75,104,1,8/12/2013,,
14595,M,13,75,132,3,8/12/2013,,
14601,F,13,75,140,3,8/12/2013,,
14604,M,12,393,142,3,8/12/2013,,
14621,M,13,186,158,4,8/12/2013,,
14629,F,13,75,142,2,8/12/2013,12/12/2016,2/11/2017
14655,M,13,393,101,2,8/12/2013,12/4/2017,6/16/2018
14681,F,13,393,104,4,5/12/2013,,
14693,M,13,393,108,3,8/12/2013,,
14703,M,12,186,91,3,8/18/2014,,
14713,M,10,393,98,1,8/12/2013,,
14717,M,13,75,126,4,8/12/2013,,
14733,M,13,75,104,3,8/12/2013,,
14741,M,8,75,98,2,8/12/2013,12/7/2015,2/6/2016
14766,M,9,393,139,1,8/12/2013,,
14772,F,13,393,98,1,8/12/2013,,
14778,M,13,25,148,3,8/19/2013,,
14801,M,13,75,104,2,8/19/2013,5/18/2015,6/13/2015
14826,F,14,393,104,4,8/12/2013,,
14835,M,12,186,158,3,8/12/2013,,
14841,M,12,75,142,1,8/12/2013,,
14846,M,13,393,142,2,8/12/2013,5/16/2016,6/11/2016
14873,M,8,393,150,3,8/12/2013,,
14881,M,8,75,152,3,8/12/2013,,
14885,F,13,393,119,1,8/12/2013,,
14897,M,8,393,104,2,8/19/2013,7/22/2016,6/16/2018
14922,F,13,25,137,3,8/12/2013,,
14928,M,13,75,137,3,8/12/2013,,
14932,F,13,393,139,4,8/12/2013,,
14939,M,8,75,174,2,8/12/2013,5/18/2015,2/6/2016
14964,M,8,393,164,3,8/15/2016,,
14978,F,10,393,139,3,8/14/2017,,
14982,M,13,393,104,5,8/1/2021,,
14997,M,10,393,104,5,8/15/2022,,
15005,M,8,75,164,3,1/20/2014,,
15014,F,13,393,164,3,8/15/2016,,
15018,F,8,75,164,3,8/18/2014,,
15025,F,10,38,156,3,8/19/2013,,
15032,F,8,75,152,1,8/19/2013,,
15051,M,13,75,152,1,8/19/2013,,
15056,M,13,393,143,3,8/19/2013,,
15069,M,10,38,156,3,8/19/2013,,
15072,M,8,125,152,3,8/19/2013,,
15083,M,10,38,152,3,8/19/2013,,
15093,M,10,38,155,4,8/19/2013,,
15105,M,8,75,166,5,8/19/2013,,
15149,M,7,393,104,3,8/19/2013,,
15152,F,12,186,158,1,8/19/2013,,
15156,M,8,75,120,3,8/19/2013,,
15167,M,8,125,120,1,8/19/2013,,
15173,M,12,38,126,3,8/19/2013,,
15186,M,13,393,142,1,8/19/2013,,
15191,M,13,75,121,3,8/19/2013,,
15209,M,8,125,144,3,8/19/2013,,
15215,F,8,75,120,1,8/19/2013,,
15227,M,8,75,120,1,8/19/2013,,
15235,M,10,417,123,3,8/19/2013,,
15268,M,8,125,120,1,8/19/2013,,
15273,M,8,393,139,1,8/19/2013,,
15293,M,13,393,164,3,8/17/2015,,
15317,F,8,393,104,5,8/1/2022,,
15326,M,8,75,164,3,8/18/2014,,
15331,M,13,75,150,3,8/19/2013,,
15335,M,10,75,158,4,8/19/2013,,
15344,M,13,75,143,3,8/19/2013,,
15359,M,12,38,156,3,8/19/2013,,
15368,M,8,393,148,1,1/20/2014,,
15374,M,13,393,164,2,1/19/2015,5/14/2018,6/16/2018
15400,M,13,393,139,3,1/20/2013,,
15410,M,13,393,142,3,1/20/2013,,
15414,F,13,393,104,1,1/20/2013,,
15418,F,12,393,104,4,1/20/2014,,
15421,F,13,393,101,3,1/20/2013,,
15424,F,13,75,117,3,1/20/2014,,
15427,M,10,186,190,3,1/20/2014,,
15453,F,13,393,104,2,1/20/2013,5/16/2016,6/11/2016
15480,M,8,38,139,3,1/20/2014,,
15487,M,13,393,139,4,1/20/2014,,
15493,M,8,75,120,3,1/20/2013,,
15499,M,13,393,174,2,1/20/2013,5/15/2017,6/24/2017
15525,F,13,393,104,4,1/20/2014,,
15529,M,13,75,148,2,1/20/2013,5/20/2022,10/15/2022
15571,F,8,393,100,4,1/20/2014,,
15576,M,13,393,148,1,1/20/2013,,
15582,F,15,393,98,1,1/20/2013,,
15588,F,11,186,127,3,1/20/2014,,
15598,F,13,393,132,1,1/20/2013,,
15628,F,13,393,104,1,1/20/2013,,
15639,F,8,38,155,1,1/20/2014,,
15656,M,8,186,158,3,1/20/2014,,
15661,M,7,393,142,3,1/20/2013,,
15690,M,10,38,155,4,1/20/2012,,
15694,F,8,393,104,4,1/20/2014,,
15698,M,13,393,150,3,1/20/2014,,
15712,M,8,393,91,4,8/18/2014,,
15715,F,13,393,142,4,1/20/2014,,
15719,M,8,393,139,3,1/20/2014,,
15725,F,14,393,123,4,1/20/2014,,
15729,F,10,38,118,3,1/20/2014,,
15731,F,13,393,101,1,1/20/2013,,
15734,F,8,393,104,3,8/1/2019,,
15742,M,10,393,104,3,8/18/2014,,
15760,M,13,393,174,2,8/18/2018,12/9/2022,
15800,M,10,38,155,3,8/14/2017,,
15814,M,13,393,139,2,8/18/2014,5/16/2016,6/11/2016
15840,M,13,393,142,3,8/18/2014,,
15841,M,8,393,139,1,8/18/2014,,
15851,M,8,115,155,3,8/18/2014,,
15852,F,8,393,139,3,8/18/2014,,
15875,M,12,393,142,3,8/18/2014,,
15876,M,9,186,127,3,8/18/2014,,
15877,M,13,25,138,1,8/18/2014,,
15883,M,13,393,142,3,8/18/2014,,
15884,M,8,75,125,2,8/18/2014,6/19/2020,10/24/2020
15929,M,12,393,104,5,8/1/2018,,
15974,M,8,393,120,3,8/18/2014,,
15975,M,8,393,158,2,8/18/2014,5/20/2021,10/23/2021
16014,F,10,393,139,3,8/18/2014,,
16015,F,10,75,140,2,8/18/2014,5/15/2017,6/24/2017
16046,M,8,75,148,3,8/18/2014,,
16047,M,13,38,126,3,8/18/2014,,
16061,M,13,186,126,2,8/18/2014,5/15/2017,6/16/2018
16092,F,7,393,98,4,8/18/2014,,
16103,M,10,38,126,3,8/18/2014,,
16104,M,10,38,126,3,8/18/2014,,
16112,M,8,393,174,3,8/8/2014,,
16127,M,13,75,129,1,8/18/2014,,
16134,M,13,393,174,3,8/18/2014,,
16161,M,13,25,116,3,8/18/2014,,
16168,M,13,393,142,3,8/18/2014,,
16189,F,10,75,129,3,8/18/2014,,
16198,M,8,75,122,3,8/18/2014,,
16199,M,12,186,158,3,8/18/2014,,
16200,M,8,393,104,2,8/18/2014,7/27/2019,10/24/2020
16233,M,13,393,104,3,8/1/2020,,
16239,M,13,393,142,3,8/18/2014,,
16256,M,13,393,139,3,8/18/2014,,
16257,M,8,75,166,3,8/18/2014,,
16258,F,8,75,140,3,8/18/2014,,
16272,M,13,393,104,2,8/18/2014,12/9/2020,10/23/2021
16315,M,13,75,120,3,8/18/2014,,
16316,M,13,25,123,1,8/18/2014,,
16317,M,13,393,107,3,8/18/2014,,
16320,M,8,393,139,1,8/17/2015,,
16339,M,13,393,164,2,8/1/2018,6/9/2020,10/24/2020
16353,M,13,393,142,2,1/19/2015,5/15/2017,6/16/2018
16377,M,8,75,101,3,8/15/2016,,
16378,M,8,393,164,1,1/19/2015,,
16382,M,13,393,164,2,8/15/2016,5/14/2018,6/16/2018
16407,M,8,38,91,3,8/18/2014,,
16412,M,8,38,155,3,8/18/2014,,
16418,M,8,75,91,1,8/15/2016,,
16419,M,8,75,166,3,8/17/2015,,
16428,M,8,393,93,2,8/18/2014,12/4/2017,6/16/2018
16462,M,10,186,158,1,8/18/2014,,
16477,M,13,393,104,2,8/18/2014,5/14/2018,6/16/2018
16509,M,13,75,139,2,8/18/2014,12/12/2019,10/24/2020
16551,M,15,393,123,3,1/1/2019,,
16567,M,13,393,164,1,8/17/2015,,
16589,M,12,393,104,1,8/18/2014,,
16602,F,10,38,149,1,8/18/2014,,
16612,F,13,393,98,1,8/18/2014,,
16627,M,8,75,120,2,8/18/2014,5/16/2019,6/15/2019
16663,F,13,393,143,2,8/18/2014,12/4/2017,6/16/2018
16696,M,13,393,155,1,8/18/2014,,
16712,M,8,38,155,3,8/18/2014,,
16716,M,13,393,119,2,8/17/2015,12/10/2018,6/15/2019
16745,M,15,393,141,1,8/17/2015,,
16768,M,13,25,135,3,8/17/2015,,
16773,M,9,75,166,3,8/17/2015,,
16790,F,13,393,164,5,1/1/2021,,
16795,M,12,186,158,3,8/17/2015,,
16803,M,12,186,158,1,8/17/2015,,
16809,M,14,186,158,2,8/17/2015,7/28/2017,6/16/2018
16836,F,12,186,127,1,8/17/2015,,
16841,F,8,75,149,3,8/17/2015,,
16842,F,13,394,116,2,8/17/2015,12/4/2017,6/16/2018
16871,M,12,38,155,1,8/17/2015,,
16878,M,10,38,155,3,8/17/2015,,
16879,M,12,186,158,3,8/17/2015,,
16883,M,8,38,158,2,8/17/2015,5/14/2018,6/16/2018
16908,M,7,393,164,2,8/19/2019,5/20/2021,10/15/2022
16920,M,12,393,164,2,1/18/2016,6/19/2020,10/24/2020
16952,M,8,393,139,5,1/14/2019,1/9/2023,
16974,F,8,38,155,1,8/17/2015,,
16993,M,13,393,133,3,8/17/2015,,
17004,M,13,393,180,3,8/17/2015,,
17013,M,8,75,166,3,8/17/2017,,
17037,M,8,75,148,2,8/17/2015,5/15/2017,6/24/2017
17066,M,14,38,155,3,8/17/2015,,
17094,M,8,393,139,1,8/17/2015,,
17110,F,13,393,104,3,8/17/2015,,
17115,F,15,108,146,3,8/17/2015,,
17116,M,13,393,104,3,8/17/2015,,
17147,M,8,393,158,3,8/17/2015,,
17149,M,8,75,120,3,8/17/2015,,
17153,F,13,393,104,3,8/17/2015,,
17157,M,12,75,93,3,8/17/2015,,
17163,F,13,393,142,1,8/17/2015,,
17169,M,8,393,104,3,8/17/2015,,
17197,M,13,393,142,3,8/17/2015,,
17204,M,13,75,191,3,8/17/2015,,
17205,M,9,393,104,3,8/17/2015,,
17220,M,13,393,174,3,8/17/2015,,
17228,M,8,393,104,2,8/17/2015,7/27/2019,10/24/2020
17262,M,13,393,104,2,8/17/2015,7/28/2017,6/16/2018
17288,M,13,393,139,3,8/17/2015,,
17318,M,12,393,104,3,8/17/2015,,
17324,M,8,393,104,2,8/17/2015,7/22/2022,10/15/2022
17368,M,10,393,139,3,8/15/2016,,
17387,M,15,393,104,2,8/17/2015,12/10/2018,10/23/2021
17418,M,9,393,174,5,8/17/2015,,
17454,M,13,393,142,1,8/17/2015,,
17461,M,13,25,134,3,8/17/2015,,
17462,M,8,75,148,3,8/17/2015,,
17463,M,9,393,139,3,8/17/2015,,
17464,M,13,393,142,3,8/17/2015,,
17465,M,14,393,164,3,8/15/2016,,
17493,M,8,393,164,2,1/18/2016,5/14/2018,6/16/2018
17515,M,8,75,91,2,8/17/2015,5/20/2022,10/15/2022
17555,F,8,75,139,1,8/17/2015,,
17556,M,8,75,167,3,8/1/2019,,
17566,M,8,393,101,3,8/17/2015,,
17568,F,8,75,151,3,8/17/2015,,
17570,M,8,75,166,3,8/17/2015,,
17575,M,8,7777,93,3,8/17/2015,,
17576,M,8,75,166,3,8/17/2015,,
17581,M,8,75,120,3,8/17/2015,,
17591,M,8,75,166,1,8/17/2015,,
17603,F,8,75,166,5,8/17/2015,,
17640,M,8,75,166,3,8/17/2015,,
17653,M,8,75,166,3,8/17/2015,,
17666,M,10,75,166,3,8/17/2015,,
17667,M,13,75,136,3,8/17/2015,,
17703,F,13,393,133,3,8/17/2015,,
17724,M,8,38,155,2,8/17/2015,12/12/2019,10/24/2020
17759,F,10,393,118,3,8/17/2015,,
17761,M,13,75,174,3,8/17/2015,,
17762,M,8,393,139,1,8/17/2015,,
17774,M,13,38,155,2,8/17/2015,5/15/2017,6/24/2017
17802,M,12,393,158,2,8/17/2015,5/14/2018,6/16/2018
17833,M,13,75,111,3,8/17/2015,,
17842,M,15,393,126,3,8/17/2015,,
17850,M,15,393,123,3,8/17/2015,,
17854,F,15,393,123,2,8/14/2017,5/16/2019,6/15/2019
17882,M,12,75,127,1,8/17/2015,,
17888,M,13,393,104,1,8/15/2016,,
17904,M,8,38,155,3,8/15/2016,,
17936,M,12,186,126,3,8/15/2016,,
17945,M,10,38,155,3,8/15/2016,,
17975,M,13,394,172,5,8/1/2022,,
17981,F,16,75,149,2,8/15/2016,12/12/2019,10/24/2020
18008,M,16,393,139,5,1/1/2022,,
18014,M,16,393,155,2,8/15/2016,7/27/2018,6/15/2019
18043,M,16,38,124,3,8/15/2016,,
18052,M,16,393,98,2,8/15/2016,12/9/2020,10/23/2021
18079,M,16,393,104,3,8/15/2016,,
18081,M,16,186,184,3,8/15/2016,,
18089,M,11,186,158,1,8/15/2016,,
18096,M,13,393,164,3,8/14/2017,,
18100,M,16,186,158,1,8/14/2017,,
18114,M,16,75,129,2,8/15/2016,7/27/2018,6/15/2019
18141,M,16,393,142,2,8/15/2016,12/12/2019,10/24/2020
18171,F,16,75,120,1,8/15/2016,,
18191,M,13,393,104,2,8/15/2016,5/14/2018,6/16/2018
18219,M,16,75,136,2,8/15/2016,5/14/2018,6/16/2018
18247,F,8,186,164,2,8/13/2018,5/20/2022,10/15/2022
18269,F,16,393,140,3,8/15/2016,,
18274,M,16,393,139,3,8/14/2017,,
18285,M,16,393,98,2,8/15/2016,12/12/2019,10/15/2022
18318,M,16,393,142,2,8/15/2016,7/22/2022,10/15/2022
18355,M,16,75,185,3,8/15/2016,,
18363,F,16,75,149,3,8/15/2016,,
18365,M,16,393,104,3,8/15/2016,,
18385,M,16,393,104,2,8/14/2017,5/16/2019,6/15/2019
18401,M,16,393,104,3,8/15/2016,,
18426,M,16,393,142,1,8/15/2016,,
18439,M,16,75,146,3,8/15/2016,,
18473,M,16,393,98,2,8/15/2016,5/14/2018,6/16/2018
18501,M,16,186,127,3,8/15/2016,,
18505,M,9,393,142,2,8/15/2016,5/16/2019,6/15/2019
18533,M,8,75,120,3,8/15/2016,,
18534,F,16,393,101,3,8/15/2016,,
18548,M,13,393,142,3,8/15/2016,,
18549,M,16,393,164,1,1/16/2017,,
18564,M,16,393,133,2,8/15/2016,5/16/2019,6/15/2019
18594,M,16,75,120,2,8/15/2016,12/10/2018,6/15/2019
18620,F,16,393,139,2,8/15/2016,5/14/2018,6/16/2018
18649,M,12,75,185,3,8/15/2016,,
18659,M,16,393,104,3,8/15/2016,,
18660,M,16,75,136,3,8/15/2016,,
18662,M,16,393,139,2,8/15/2016,12/9/2020,10/23/2021
18700,M,16,75,166,2,8/15/2016,6/19/2020,10/24/2020
18734,F,9,75,120,3,8/15/2016,,
18742,M,16,393,164,2,8/14/2017,6/19/2020,10/24/2020
18768,F,16,393,164,5,8/1/2021,,
18776,M,16,393,142,2,8/15/2016,12/12/2019,10/24/2020
18805,M,16,393,104,3,8/15/2016,,
18806,F,16,393,164,5,8/15/2022,,
18813,M,16,75,147,1,8/15/2016,,
18821,M,16,75,122,3,8/15/2016,,
18826,M,16,393,104,2,1/16/2017,5/16/2019,6/15/2019
18855,M,16,38,164,3,8/14/2017,,
18871,M,10,393,104,3,8/9/2016,,
18880,F,16,75,140,1,8/14/2017,,
18897,M,13,38,126,3,8/1/2018,,
18904,M,16,393,164,3,8/1/2020,,
18913,M,13,393,101,3,8/1/2018,,
18916,M,13,393,175,3,8/14/2017,,
18926,M,16,393,104,3,8/14/2017,,
18931,M,16,393,104,3,8/14/2017,,
18936,M,16,75,111,3,8/14/2017,,
18943,M,16,393,152,1,1/4/2018,,
18959,M,13,393,133,3,8/14/2017,,
18969,M,8,393,197,3,8/14/2017,,
18978,M,12,186,158,3,8/14/2017,,
19000,M,13,75,166,2,8/18/2018,12/9/2022,
19032,M,16,75,185,3,8/14/2017,,
19042,M,12,186,155,1,8/14/2017,,
19072,F,8,75,167,1,8/14/2017,,
19083,M,8,75,111,3,8/14/2017,,
19094,M,13,393,142,5,8/14/2017,,
19136,M,13,75,104,3,8/14/2017,,
19156,F,16,186,126,3,8/14/2017,,
19165,M,13,393,139,5,8/14/2017,,
19196,M,8,75,120,1,8/14/2017,,
19212,M,16,393,142,5,8/14/2017,,
19253,M,13,75,185,3,8/14/2017,,
19262,M,8,75,129,5,8/1/2018,,
19298,M,13,38,155,2,8/1/2018,7/31/2020,10/24/2020
19325,M,13,393,142,3,8/1/2018,,
19330,M,13,393,142,3,8/1/2018,,
19344,M,13,393,142,1,1/1/2019,,
19357,M,13,393,104,3,8/1/2018,,
19363,F,15,393,119,3,8/1/2018,,
19373,M,15,393,174,3,8/14/2017,,
19376,F,10,38,155,2,8/14/2017,5/20/2022,10/15/2022
19412,M,15,393,139,3,8/14/2017,,
19444,M,13,25,138,3,8/14/2017,,
19451,M,12,186,193,1,8/14/2017,,
19472,M,13,38,155,2,8/14/2017,5/16/2019,6/15/2019
19499,M,13,393,133,1,8/14/2017,,
19529,M,13,75,120,3,8/14/2017,,
19542,F,13,393,104,1,8/14/2017,,
19549,M,15,393,104,2,8/14/2017,5/16/2019,6/15/2019
19575,M,15,393,139,3,8/14/2017,,
19598,M,13,393,104,2,8/14/2017,5/16/2019,6/15/2019
19625,M,13,393,104,1,8/14/2017,,
19633,M,8,75,120,3,8/14/2017,,
19650,M,13,393,132,2,8/14/2017,5/16/2019,6/15/2019
19676,F,13,393,104,2,8/14/2017,5/16/2019,6/15/2019
19702,M,8,393,142,3,8/14/2017,,
19716,M,13,393,142,3,8/14/2017,,
19732,M,13,393,104,3,8/14/2017,,
19752,M,9,186,158,1,8/14/2017,,
19769,M,13,393,142,1,8/14/2017,,
19783,M,13,393,133,2,8/14/2017,7/23/2021,10/23/2021
19817,F,8,393,104,2,8/14/2017,7/27/2019,10/24/2020
19845,M,13,393,197,1,8/1/2018,,
19850,F,13,393,133,2,8/14/2017,5/20/2022,10/15/2022
19893,M,13,393,196,1,8/14/2017,,
19911,M,8,393,197,3,8/14/2017,,
19918,M,13,75,120,2,8/14/2017,6/19/2020,10/24/2020
19954,M,8,38,118,3,8/14/2017,,
19979,M,12,393,119,2,8/14/2017,5/20/2021,10/23/2021
20012,M,8,25,134,4,8/14/2017,,
20031,M,13,393,119,2,8/14/2017,12/12/2019,10/24/2020
20058,M,13,38,155,3,8/14/2017,,
20065,F,13,393,202,2,8/14/2017,5/20/2021,10/23/2021
20101,M,8,75,166,5,8/17/2020,,
20127,M,10,75,104,1,8/1/2018,,
20132,M,8,393,132,1,8/14/2017,,
20146,M,13,75,93,3,8/1/2018,,
20160,M,8,75,197,3,8/1/2018,,
20176,M,13,393,133,1,8/1/2018,,
20182,M,13,393,104,3,8/1/2018,,
20183,M,12,38,126,2,8/13/2018,12/9/2020,10/23/2021
20215,M,15,38,126,5,8/13/2018,1/17/2023,
20250,M,8,75,120,1,8/1/2018,,
20258,M,8,393,119,5,8/1/2018,,
20295,M,13,393,132,3,8/1/2018,,
20300,M,12,38,126,1,8/1/2018,,
20310,M,13,393,104,2,8/13/2018,5/20/2021,10/23/2021
20345,F,8,393,104,2,8/13/2018,7/23/2021,10/23/2021
20378,M,13,393,142,5,8/1/2018,,
20407,M,11,393,158,3,8/1/2018,,
20424,M,13,393,139,1,8/1/2018,,
20437,M,8,393,104,3,8/1/2018,,
20438,F,8,393,139,5,8/1/2018,,
20482,M,13,393,180,3,8/1/2018,,
20483,M,8,393,142,1,8/1/2018,,
20520,M,13,393,104,5,8/1/2018,,
20562,M,13,25,172,2,1/13/2020,5/20/2022,10/15/2022
20586,M,8,75,120,3,8/1/2018,,
20592,M,13,393,133,3,8/1/2018,,
20601,M,12,38,126,3,8/1/2018,,
20626,M,13,75,146,3,8/1/2018,,
20627,M,13,75,148,2,8/13/2018,5/20/2021,10/23/2021
20660,M,13,38,126,1,8/1/2018,,
20668,M,10,38,156,3,8/1/2018,,
20675,M,13,393,104,1,8/1/2018,,
20710,F,9,38,155,1,8/1/2018,,
20725,M,8,186,127,1,8/1/2018,,
20742,F,15,38,155,2,8/13/2018,12/9/2021,10/15/2022
20782,F,13,393,104,1,8/1/2018,,
20809,M,12,38,124,1,8/1/2018,,
20821,M,13,393,175,1,8/1/2018,,
20831,F,13,393,202,3,8/1/2018,,
20849,M,12,393,104,3,8/1/2018,,
20858,F,12,393,174,2,8/13/2018,6/19/2020,10/24/2020
20888,M,13,393,174,3,8/1/2018,,
20912,F,13,393,104,5,8/1/2020,,
20934,M,8,75,120,3,8/1/2018,,
20936,M,13,393,104,5,8/1/2018,,
20969,M,13,38,155,2,8/13/2018,7/23/2021,10/23/2021
21005,M,8,75,152,1,8/1/2019,,
21023,M,13,186,158,3,8/1/2018,,
21029,M,13,393,104,3,8/1/2018,,
21039,M,8,393,104,1,8/1/2018,,
21049,F,13,393,142,2,8/13/2018,6/19/2020,10/24/2020
21080,M,12,393,104,2,8/13/2018,5/20/2021,10/23/2021
21112,M,12,186,158,2,8/13/2018,12/9/2020,10/23/2021
21144,M,15,186,158,1,8/1/2018,,
21171,M,12,393,104,3,8/1/2018,,
21185,F,13,393,142,2,8/13/2018,6/19/2020,10/24/2020
21212,F,8,38,155,3,8/1/2018,,
21217,F,13,75,111,3,8/1/2018,,
21226,M,13,393,104,2,8/13/2018,5/20/2021,10/23/2021
21262,M,13,393,104,3,8/1/2018,,
21274,F,9,75,149,1,8/1/2018,,
21289,M,8,393,119,3,8/1/2018,,
21291,M,15,75,120,2,8/13/2018,5/20/2021,10/23/2021
21323,M,8,75,120,2,8/13/2018,5/20/2021,10/23/2021
21358,F,8,75,93,5,1/18/2021,8/29/2022,
21370,M,8,38,169,1,8/1/2021,,
21387,M,8,75,120,5,8/1/2018,,
21420,F,8,75,129,5,8/1/2022,,
21425,F,8,75,93,3,8/1/2018,,
21431,M,8,75,152,3,1/1/2019,,
21435,M,8,75,120,1,8/1/2018,,
21456,M,10,38,155,3,8/1/2018,,
21464,M,8,393,104,2,8/13/2018,5/20/2022,10/15/2022
21500,M,8,38,126,3,8/1/2018,,
21509,M,13,393,116,2,8/13/2018,12/9/2021,10/15/2022
21539,M,13,393,116,2,8/13/2018,5/18/2020,10/15/2022
21570,M,13,393,104,5,8/1/2018,,
21597,M,13,393,139,3,8/1/2018,,
21618,M,13,75,163,5,8/15/2022,,
21629,M,13,393,174,3,8/1/2018,,
21635,M,10,38,155,5,8/1/2018,,
21673,M,13,393,142,3,8/1/2018,,
21681,M,13,393,142,2,8/13/2018,5/20/2021,10/23/2021
21712,M,8,393,104,2,8/13/2018,12/9/2021,10/15/2022
21741,M,13,38,155,2,8/13/2018,5/20/2022,10/15/2022
21779,M,8,75,120,3,8/1/2018,,
21780,F,10,75,120,3,8/1/2018,,
21792,M,13,393,119,1,8/1/2018,,
21797,M,9,186,152,5,8/1/2021,,
21811,M,10,38,155,2,8/13/2018,7/22/2022,10/15/2022
21852,M,13,25,103,5,8/1/2018,,
21888,F,13,25,138,2,8/13/2018,5/20/2021,10/23/2021
21918,M,8,75,120,1,8/1/2018,,
21924,M,13,25,172,1,1/14/2019,,
21935,M,13,393,119,3,8/1/2018,,
21947,M,8,38,155,3,8/1/2019,,
21954,F,13,393,197,3,8/1/2019,,
21960,M,8,393,104,3,8/1/2018,,
21961,M,13,393,119,1,8/1/2019,,
21973,M,13,38,126,1,8/1/2019,,
21998,M,13,393,132,2,8/19/2019,5/20/2021,10/23/2021
22025,F,8,25,108,1,8/1/2019,,
22039,M,13,393,104,2,8/19/2019,5/20/2022,10/15/2022
22065,M,16,393,132,5,8/1/2019,,
22096,F,13,393,119,3,8/1/2019,,
22106,M,10,393,139,1,8/1/2019,,
22113,M,8,393,142,5,8/19/2019,,
22143,M,11,186,158,1,8/1/2019,,
22148,M,8,393,142,3,8/1/2019,,
22149,M,13,393,164,5,8/15/2022,,
22157,F,13,393,142,2,8/19/2019,5/20/2022,10/15/2022
22187,F,8,393,142,5,8/1/2019,,
22205,F,13,186,158,5,8/1/2021,,
22214,F,10,186,158,3,8/1/2019,,
22221,M,8,38,155,3,8/1/2019,,
22235,M,12,393,104,3,8/1/2019,,
22240,F,8,75,140,3,8/1/2019,,
22248,M,13,394,187,2,8/19/2019,5/20/2021,10/23/2021
22277,M,8,393,100,3,8/1/2019,,
22279,M,13,75,120,5,1/1/2022,,
22282,M,12,186,127,3,8/1/2019,,
22297,M,9,186,158,5,8/1/2019,,
22326,M,13,38,155,3,8/1/2019,,
22337,F,15,186,158,2,8/19/2019,7/23/2021,10/23/2021
22368,M,12,186,127,1,8/1/2019,,
22377,M,11,186,127,2,8/19/2019,5/20/2022,10/15/2022
22411,F,12,186,193,1,8/1/2019,,
22417,M,13,393,98,5,8/1/2019,,
22443,M,13,393,139,1,8/1/2019,,
22449,M,8,393,197,5,8/1/2019,,
22479,M,13,393,139,5,8/1/2019,,
22509,M,12,393,142,2,8/19/2019,5/20/2022,10/15/2022
22539,M,15,393,197,3,8/1/2019,,
22550,M,8,393,104,5,8/19/2019,1/17/2023,
22584,F,15,393,104,5,8/17/2020,1/4/2023,
22608,M,13,393,139,3,8/1/2019,,
22618,F,8,75,93,1,8/1/2019,,
22622,M,16,75,136,5,8/1/2020,,
22631,M,13,38,155,3,8/1/2019,,
22638,M,15,393,133,4,8/1/2019,,
22677,M,8,393,119,3,8/1/2019,,
22686,M,15,393,104,5,8/15/2022,,
22691,M,15,393,98,3,8/19/2019,,
22702,M,13,393,142,3,8/1/2019,,
22704,F,8,393,197,5,8/1/2019,,
22722,M,15,38,155,2,8/19/2019,12/9/2021,10/15/2022
22752,M,8,75,146,3,8/1/2019,,
22762,M,16,393,104,3,8/1/2019,,
22767,M,8,393,101,5,1/1/2021,,
22777,M,13,393,133,1,8/1/2019,,
22796,F,8,393,142,1,8/19/2019,,
22820,M,13,75,111,5,8/1/2019,,
22835,M,13,393,126,3,8/1/2019,,
22850,M,8,75,120,1,8/1/2019,,
22861,M,13,75,152,3,8/1/2019,,
22887,M,15,38,155,1,8/1/2019,,
22910,M,13,25,172,3,8/1/2019,,
22921,M,13,393,143,3,8/1/2019,,
22940,M,10,38,126,5,8/1/2019,,
22968,M,10,38,126,5,8/1/2019,,
22996,M,8,25,103,3,8/1/2019,,
23003,F,15,393,100,3,8/1/2019,,
23005,M,13,38,155,2,8/19/2019,12/9/2021,10/15/2022
23032,F,8,75,125,5,1/17/2023,,
23042,M,10,186,158,1,8/1/2019,,
23044,M,15,393,139,3,8/1/2019,,
23051,F,11,186,158,3,8/1/2019,,
23061,M,8,38,155,3,8/1/2019,,
23071,M,13,393,104,1,8/1/2019,,
23089,F,8,38,155,3,8/1/2019,,
23097,M,12,186,158,3,8/1/2020,,
23109,M,13,393,180,3,8/1/2020,,
23115,M,17,393,104,5,8/1/2022,,
23125,M,15,393,123,5,1/1/2020,,
23149,M,13,25,172,5,8/1/2020,,
23162,M,13,393,142,3,8/1/2020,,
23174,F,13,393,132,5,8/1/2020,,
23199,M,13,393,142,5,1/1/2022,,
23211,M,13,393,175,3,8/1/2020,,
23217,F,8,75,149,5,8/17/2020,1/18/2023,
23248,M,13,393,119,5,8/1/2020,,
23268,F,15,393,197,2,8/17/2020,12/9/2022,
23300,M,13,393,139,2,8/17/2020,7/22/2022,10/15/2022
23330,F,13,393,142,3,8/1/2021,,
23332,F,9,393,142,1,8/1/2020,,
23344,M,13,393,139,2,8/17/2020,5/20/2022,10/15/2022
23372,F,8,393,150,1,8/1/2020,,
23388,M,9,393,104,5,8/1/2020,,
23406,M,13,393,197,5,1/18/2021,,
23431,M,13,393,197,3,8/1/2020,,
23437,M,13,393,139,1,8/1/2020,,
23468,M,8,393,104,3,8/1/2020,,
23476,M,8,393,139,3,8/1/2020,,
23490,F,8,75,120,5,8/1/2020,,
23503,M,15,393,148,5,8/1/2020,,
23527,F,8,393,104,3,8/1/2020,,
23533,M,15,393,104,2,8/17/2020,5/20/2022,10/15/2022
23564,M,13,393,104,3,8/1/2020,,
23565,M,13,393,104,5,8/17/2020,1/12/2023,
23600,M,8,75,120,5,8/15/2022,,
23609,M,15,38,126,3,8/1/2020,,
23610,F,8,75,149,5,8/15/2022,,
23617,F,13,75,93,5,8/1/2020,,
23638,M,13,75,136,5,1/18/2021,,
23666,F,8,75,140,1,8/1/2020,,
23687,M,10,38,155,3,8/1/2020,,
23695,F,8,393,180,2,8/17/2020,5/20/2022,10/15/2022
23725,M,13,394,164,5,8/15/2022,,
23732,M,15,186,158,1,8/17/2020,1/18/2023,
23764,F,15,186,152,5,8/1/2022,,
23787,M,12,186,158,5,8/1/2020,,
23817,M,15,186,158,2,8/17/2020,7/22/2022,10/15/2022
23849,M,8,75,136,3,8/1/2020,,
23855,M,10,75,148,3,8/1/2020,,
23856,M,8,186,166,5,8/1/2020,,
23885,M,15,75,148,5,1/1/2022,,
23892,M,13,393,142,5,8/1/2020,,
23919,M,13,393,139,5,1/17/2023,,
23921,F,8,75,152,5,8/1/2022,,
23933,M,10,75,169,5,8/13/2020,1/4/2023,
23963,M,8,393,104,1,8/1/2020,,
23972,M,13,75,152,2,8/17/2020,5/20/2022,10/15/2022
24001,M,13,393,121,5,8/17/2020,1/17/2023,
24028,M,13,393,132,2,8/17/2020,7/22/2022,10/15/2022
24060,M,8,75,195,3,8/1/2020,,
24061,M,13,25,135,3,8/1/2020,,
24072,M,13,393,104,5,8/1/2020,,
24086,F,15,393,104,3,8/1/2020,,
24093,M,15,38,155,2,8/17/2020,5/20/2022,10/15/2022
24121,M,13,393,119,5,8/17/2020,,
24146,F,13,75,149,5,1/1/2021,,
24167,M,13,393,104,3,8/1/2020,,
24173,M,12,393,104,3,8/1/2020,,
24179,F,12,186,193,3,8/1/2020,,
24187,M,15,75,142,3,8/1/2020,,
24191,M,13,38,156,5,8/1/2021,,
24194,M,13,75,120,5,8/16/2021,1/3/2023,
24222,F,8,468,149,5,1/1/2022,,
24226,M,13,393,104,5,8/1/2021,,
24245,M,15,393,174,5,8/1/2021,,
24265,M,8,75,134,5,8/1/2021,,
24287,F,11,393,104,5,8/1/2021,,
24294,M,8,25,134,5,8/1/2021,,
24315,M,13,25,134,5,8/1/2021,,
24330,F,8,393,150,5,8/1/2021,,
24358,M,13,75,120,5,8/15/2022,,
24365,M,13,75,149,5,8/1/2021,,
24369,M,11,393,127,5,8/1/2021,,
24396,M,8,75,166,5,1/1/2022,,
24407,F,13,393,139,5,1/17/2023,,
24412,M,13,186,190,5,8/1/2021,,
24420,M,8,75,140,5,8/1/2021,,
24432,M,8,393,139,4,8/1/2021,,
24443,F,13,393,133,1,8/1/2021,,
24456,M,13,25,103,5,8/1/2021,,
24485,F,10,75,152,5,8/1/2021,,
24509,F,10,75,120,5,8/1/2021,,
24528,F,13,393,174,5,8/16/2021,,
24556,F,13,393,197,3,8/1/2021,,
24558,M,14,38,128,5,1/1/2022,,
24571,F,12,25,190,5,8/1/2021,,
24582,M,8,393,104,5,8/1/2021,,
24610,M,8,25,117,1,8/1/2021,,
24637,F,13,393,104,5,8/1/2021,,
24659,M,13,393,133,1,8/1/2021,,
24672,M,8,393,139,5,8/1/2021,,
24688,M,13,393,104,5,8/1/2021,,
24696,M,13,393,142,5,8/16/2021,1/17/2023,
24723,M,13,393,198,5,8/1/2021,,
24736,F,13,393,104,5,8/1/2021,,
24755,M,13,75,144,5,8/1/2021,,
24761,M,12,393,133,5,8/1/2021,,
24788,M,13,393,142,5,8/1/2021,,
24814,M,14,25,120,5,1/1/2022,,
24827,M,13,393,104,5,8/1/2021,,
24832,M,10,38,156,3,8/1/2021,,
24835,M,8,186,158,5,8/1/2021,,
24858,M,12,186,127,5,8/1/2021,,
24883,F,8,75,93,5,8/1/2021,,
24889,M,8,394,117,1,8/1/2021,,
24913,F,15,393,119,5,8/1/2021,,
24936,M,15,393,133,5,1/17/2023,,
24939,M,8,393,164,5,8/1/2022,,
24950,M,9,393,139,5,8/1/2022,,
24955,M,13,25,134,5,8/1/2021,,
24963,M,13,393,104,5,8/15/2022,,
24972,M,13,75,185,5,8/1/2022,,
24983,M,11,186,158,5,8/1/2021,,
24989,F,12,186,158,5,8/1/2021,,
25005,F,8,75,120,5,1/1/2022,,
25012,F,13,75,111,5,8/1/2022,,
25026,M,8,393,172,5,1/1/2022,,
25043,M,8,468,148,5,1/1/2022,,
25054,M,12,393,123,5,1/1/2022,,
25064,F,15,25,194,5,1/1/2022,,
25081,M,8,75,111,1,8/1/2022,,
25083,M,12,393,119,5,8/1/2022,,
25095,M,13,393,139,5,8/1/2022,,
25109,M,13,394,98,5,8/1/2022,,
25120,M,13,393,98,5,8/1/2022,,
25134,M,13,186,155,5,8/1/2022,,
25148,F,13,393,132,5,8/1/2022,,
25163,M,13,393,133,5,8/1/2022,,
25177,M,8,75,185,5,8/1/2022,,
25191,M,13,75,185,1,8/1/2022,,
25199,M,8,75,129,5,8/1/2022,,
25202,F,8,393,104,5,8/1/2022,,
25215,M,13,393,197,5,8/1/2022,,
25229,M,8,38,155,5,8/1/2022,,
25231,M,12,186,190,5,8/1/2022,,
25244,M,13,75,120,1,8/1/2022,,
25251,M,17,1005,123,5,8/1/2022,,
25253,M,8,38,126,5,8/1/2022,,
25264,M,8,75,120,5,8/1/2022,,
25275,M,8,38,155,5,8/1/2022,,
25281,M,13,393,143,5,1/16/2022,,
25285,M,13,393,133,5,1/17/2023,,
25290,M,13,393,197,1,8/1/2022,,
25297,F,10,393,104,5,8/1/2022,,
25311,M,8,75,136,5,8/1/2022,,
25321,M,8,38,126,5,8/1/2022,,
25336,M,9,186,126,5,8/1/2022,,
25348,M,13,393,104,5,8/1/2022,,
25354,M,13,38,156,5,8/1/2022,,
25365,M,13,186,158,5,8/1/2022,,
25378,M,8,393,104,2,8/1/2022,,
25382,M,8,75,111,1,8/1/2022,,
25390,M,13,393,119,5,8/1/2022,,
25398,F,12,393,172,5,8/1/2022,,
25409,F,13,393,142,5,8/1/2022,,
25421,F,8,75,93,5,8/1/2022,,
25428,M,15,393,142,5,8/1/2022,,
25442,M,12,38,155,5,8/1/2022,,
25444,M,13,393,104,1,8/15/2022,,
25452,F,13,75,93,5,8/1/2022,,
25457,F,8,393,104,1,8/1/2022,,
25464,M,12,186,193,5,8/1/2022,,
25470,F,9,186,158,5,8/1/2022,,
25481,F,12,186,127,1,8/14/2023,,
25687,F,16,75,164,4,8/14/2006,,
25743,F,10,186,164,1,1/16/2006,,
